"x","y","niveau_eau"
68.851186,44.45399,446.219025
-44.090428,-14.826161,778.140144
-1.871464,-24.307187,657.74635
-29.962712,-37.896311,748.270292
155.243957,-57.001223,535.218995
174.711819,-27.481976,518.760096
142.205349,-70.080337,550.153921
144.906708,-97.753066,547.715566
149.940455,-107.744054,522.417629
157.085841,-70.375616,446.828614
145.836686,-104.477132,526.989546
148.942676,-93.742959,499.253254
160.095272,-65.740771,529.123106
-38.720268,136.406064,449.876558
-41.93891,22.643149,670.547716
90.556503,-117.737938,609.284038
117.528726,-130.548135,512.054619
129.164119,-140.638579,550.458716
129.115839,-137.419936,512.664208
110.769577,12.504426,398.061508
122.936046,-6.453378,524.855985
103.736844,16.720847,437.989576
69.828446,-74.65641,557.164193
62.876179,-61.170298,645.554573
181.53143,-87.643632,525.770368
87.305674,76.941646,489.499832
9.865139,-83.169719,807.095614
-6.115421,-95.915543,780.273705
-3.588786,-112.797322,775.396995
-3.797998,-106.504876,727.239477
-3.50832,-106.730181,731.506599
101.741286,-33.007178,535.523789
-17.332389,120.876114,427.321771
-30.544916,115.726287,415.739584
-62.071518,94.177476,528.818312
133.798964,95.126975,419.397117
-35.083202,-136.760115,831.783962
-37.915607,-145.788406,843.061355
-32.363449,-125.382214,833.917523
-26.746918,-133.171328,741.26002
48.118704,120.892208,312.109482
162.396601,-123.966011,491.023804
163.008143,-123.982104,471.821756
166.178506,-128.198526,484.927916
-23.029386,-110.624738,774.177817
-29.176993,-112.362805,716.876467
-29.1609,-113.408864,770.520284
-15.900093,-99.552609,784.845622
19.569346,-97.991567,752.232619
18.748592,-130.789533,806.486025
99.279024,-108.645273,530.03749
111.960475,-106.537063,510.225853
107.37391,-106.327851,569.355969
-58.981622,81.930542,568.441586
-31.462229,60.800154,541.619678
-34.262448,51.2086,481.270383
-35.984422,59.754096,539.790911
34.02105,63.18195,429.150538
12.359587,43.178087,465.421073
-13.405645,12.504426,610.503216
91.248511,114.680228,422.445061
94.94995,103.865589,331.921119
110.978789,124.303969,421.835472
114.100872,98.780135,313.938249
117.480447,101.355048,332.835502
96.012102,112.813415,353.866317
99.568702,119.572564,431.284099
102.51376,118.944929,375.201926
9.044385,-33.666999,701.027157
29.354018,-36.386752,682.129903
137.886639,64.067077,316.376604
169.091377,51.546558,405.986162
-163.571406,-143.792848,1069.828401
-233.721716,-115.838939,1063.732512
-119.073675,-19.360134,790.636716
-152.048666,-21.532717,807.705203
-142.972094,-37.497184,772.044256
-193.520873,-30.96334,1088.42086
-138.433809,-73.449419,856.777104
-117.142489,-91.586469,831.479167
-161.205703,-91.908333,955.835289
-126.862789,-95.239628,778.140144
-134.68409,-86.098684,852.814776
-153.867199,-103.286234,820.201774
-140.89607,-113.634169,897.92435
